"ID","Sex","Body_Height","Elbow_Handjoint","Elbow_MiddleFinger","Foot","Neck"
"stud_1","M",174.945444211119,30.0903817678273,47.9571054066703,26.0325014954109,41.9242647179389
"stud_1","M",174.276951019691,29.6686507451618,47.9936739223622,25.9348383312568,41.7036132348002
"stud_1","M",175.187699774121,29.9031613756998,48.1289011567699,26.0240709077785,42.3012205655661
"stud_1","M",174.344605928467,29.7970626467504,48.0706214037337,25.9272497108156,41.8815689286736
"stud_1","M",174.975781748847,29.5720184846207,47.8962247981204,26.1172450495507,41.9877753492436
"stud_10","F",156.289486409882,22.8378902137319,41.7715545629284,23.0153825587492,33.3216721481929
"stud_10","F",156.933218297954,23.0455209098003,41.8126565919354,22.890385030678,32.9278287224274
"stud_10","F",157.553351816652,22.9425098490857,42.1020530947387,22.7824330019313,33.1941564527858
"stud_10","F",156.486680509058,22.9994770574561,41.9857356843505,23.00190117687,33.0192988896059
"stud_10","F",156.912854765057,23.0756216647086,41.9164233751985,22.9893963253507,33.1271889215989
"stud_11","F",167.140555128573,24.8155745260653,42.9088133032075,23.1416957684366,30.2126852711018
"stud_11","F",167.106156713978,25.1491347571989,42.9298527597844,23.1620787585646,30.2252968703827
"stud_11","F",165.787365523401,25.2484898300159,43.0066223023238,23.2056339188142,30.111715199871
"stud_11","F",166.329115778814,24.8688888769407,43.136103806413,23.2096765053458,29.8446904717711
"stud_11","F",166.287156051151,25.0014891994629,42.9841930953337,22.9891057756838,30.0414570188861
"stud_12","F",172.237030000323,27.0330241622339,44.9541664514829,27.0089304553796,31.739112069786
"stud_12","F",171.444036505354,26.8503196374813,44.8961334816703,26.8589259504162,32.0611941161446
"stud_12","F",172.076468090607,27.10852225386,44.9254862412003,27.0325474716006,32.3586297401992
"stud_12","F",171.722414742093,27.058093998767,45.190428813097,26.8649835947736,32.0790728580982
"stud_12","F",172.796131597864,26.9691128539245,45.1269932829057,26.9851396913862,31.9661792765753
"stud_13","F",161.23595748213,25.2948746729861,40.0913742644669,23.0587268592667,32.4633312341582
"stud_13","F",160.779710223707,25.0033831836887,39.9186271985198,23.0514307517827,32.1584527972845
"stud_13","F",161.108447633246,24.7703877197309,39.8840599839334,22.8409842492006,32.4371009786666
"stud_13","F",161.106276078886,25.0297298919976,40.0907000561826,22.9630840253848,32.0351228904271
"stud_13","F",160.840670591084,25.2029724644865,40.0684717037578,23.0475885334494,32.1824407185938
"stud_14","M",176.184220017022,25.1086572520794,42.6165925888423,26.4615374198293,40.3188881585557
"stud_14","M",175.907699906152,25.1338744788821,42.471502764022,26.4558522413778,40.2565096472551
"stud_14","M",176.181820511352,24.8431866270141,42.3673395113503,26.3432103204674,40.205206465609
"stud_14","M",176.143255680768,24.7695679913217,42.4910568596853,26.2985137221252,40.2759425138155
"stud_14","M",176.077451740708,24.9390166586348,42.4542948807829,26.593392086179,40.0781665337644
"stud_15","F",165.910217672836,24.9089836498723,43.0061312613877,23.8350840415432,30.3034951644813
"stud_15","F",165.341337996919,25.2373052276439,43.0874422420241,24.0923831819652,30.1570196709919
"stud_15","F",165.585357616864,24.8706161736783,43.1031459749137,24.004419071323,30.1186496579055
"stud_15","F",166.252190693854,25.0461007074025,42.9215196484402,23.9838986397642,29.8706599300182
"stud_15","F",165.823599042027,25.2291615792249,43.0158793724936,23.9010406701641,30.2054945739252
"stud_16","F",171.883896222554,27.1708153062829,43.1193138934956,24.1607565635072,34.9881673200194
"stud_16","F",172.434447071371,27.2762482114972,42.9235065651255,23.9339682754874,34.752886823487
"stud_16","F",172.002712539863,26.9016867188847,43.0788146640712,23.9512038050143,35.070662927653
"stud_16","F",171.594803906055,27.7187277277897,42.9450855505983,24.0311756725957,34.9567402105476
"stud_16","F",171.511459485795,27.010087214336,42.9133356258783,24.1043531877535,35.2873257929926
"stud_17","M",185.597051391635,28.0579979083676,48.9879469943556,26.5180899860713,38.8995499919908
"stud_17","M",184.542989351411,28.3273038215989,49.1051508439993,26.5655783119704,39.1459340466093
"stud_17","M",184.898350096646,27.4276700648776,49.1884396389506,26.6310507833831,38.7727306216733
"stud_17","M",185.337121402037,28.3315875544263,48.9236925598714,26.4695937828914,39.0696090393717
"stud_17","M",184.984465032452,27.9849861751904,49.0067907908298,26.483562400352,39.0211406641171
"stud_18","F",165.218512646065,26.975847190198,45.0503795677644,24.8771592304259,33.0725928600475
"stud_18","F",164.713033721199,27.1815763609575,45.054462075375,25.0441068842487,33.1810419581899
"stud_18","F",165.113027212598,26.9545149787252,44.9037443250282,24.9275764621914,32.9544109165334
"stud_18","F",164.953439988045,27.4480259228182,44.8407220962964,24.8611358550929,32.8718288128311
"stud_18","F",164.533696860901,26.5053347296019,45.0535433015095,24.917167864802,33.1748621603927
"stud_19","F",171.885039857795,26.5607864815025,41.9253196406739,23.8853089176723,33.0255247242547
"stud_19","F",172.261647347412,26.5197740240324,41.955683504723,24.0084348348025,33.0327775473239
"stud_19","F",172.619702747508,26.5316907855007,42.0574857823445,24.0885344008396,33.088706367376
"stud_19","F",172.590470190854,26.475121685052,42.0340866692556,24.031178210268,32.981509568017
"stud_19","F",172.335022708194,26.4891428468237,41.9751001350231,23.8756383102969,32.8922469163557
"stud_2","M",185.456775704995,29.2180145821124,49.4841243481992,25.0190122843174,37.9983096737913
"stud_2","M",186.271031919146,28.5579638902417,49.4132911866311,24.9857510567646,37.983516067136
"stud_2","M",185.600707939148,28.9635583929899,49.555227197179,24.9988167200723,37.5123983209207
"stud_2","M",185.417568297505,29.3018442391604,49.5259985317762,25.0079946913609,38.3065138668382
"stud_2","M",185.5070714355,29.0626358907624,49.5188614472275,24.9041894973263,37.9986582982174
"stud_20","F",163.780852239763,23.73000802301,44.0184351374736,23.9488863803787,35.1062927456548
"stud_20","F",162.890871586473,24.061025596632,44.1094749302044,23.9355798269826,34.9050644187455
"stud_20","F",163.049770260395,24.0702747971019,44.0139018318298,24.0779600656622,34.4287105397783
"stud_20","F",162.790871084739,24.0004454109645,44.0511361419951,24.0666188491775,35.1567934038518
"stud_20","F",162.798394105526,24.0891320823461,44.0469580593248,24.0036953303897,34.9390061955359
"stud_21","F",176.444923687009,25.8943890324781,45.978625607943,22.9899824914697,35.0018299630519
"stud_21","F",177.242036852657,25.975426772829,45.9348728001004,22.9009615308626,35.1765542944446
"stud_21","F",176.694927821789,26.0134473341502,46.0500418509172,23.1023396076701,35.204232155224
"stud_21","F",175.879207022309,26.065417899921,45.8680888946402,22.8774410988586,35.0719715298965
"stud_21","F",176.007717885896,26.0652721917923,45.9464747344824,22.8378014633025,35.0712536718442
"stud_22","M",177.03530407551,24.9381395620968,42.0300665692949,25.9499950086583,41.9908008950565
"stud_22","M",178.618699941984,25.2134424030175,42.1023567341672,26.067310926206,42.1022012556404
"stud_22","M",177.892087503851,24.8459902467843,41.8074203117515,25.9133442360508,42.0648699967742
"stud_22","M",178.033177205553,24.8869642373075,42.1034642478658,25.9933813304848,42.2511091770177
"stud_22","M",178.646704626057,24.9952419303203,42.1189687610609,26.1499964558477,42.0326038648542
"stud_23","F",166.470476824846,25.9877977183635,42.1802359089457,23.2684582201899,33.9559262571746
"stud_23","F",167.215815527183,26.0702569004296,42.1345546693592,23.1414746407548,34.0108415902853
"stud_23","F",166.901182066549,25.8145884625724,41.9037284371821,23.3487231157324,33.6941495316162
"stud_23","F",166.58268589792,25.8461779591808,41.8801668330127,23.3428382355715,33.8272274589171
"stud_23","F",167.128953444179,26.0037552267753,41.8241501034272,23.3426886889677,33.9995383473946
"stud_24","F",169.337299342063,26.7011534499459,44.0856304702664,26.0478188749532,29.7224177221925
"stud_24","F",169.890880622053,26.6659214046723,43.8952437903267,26.1309214804021,29.655931803594
"stud_24","F",169.809954349482,26.4129804196014,43.9143002611773,26.2527155058442,29.698483260469
"stud_24","F",169.926876980998,26.2078736488964,43.999140293777,26.0752991101606,30.0717344746385
"stud_24","F",170.320486050922,26.367922078019,43.9261975808235,25.964257610585,29.9043389298842
"stud_25","M",175.382284618352,28.2587439697435,43.9944256847808,25.8787089575365,35.1113315469038
"stud_25","M",174.411102006349,28.1297883590112,43.8820472852075,26.0671121625577,35.2173194403837
"stud_25","M",174.692365352528,27.935657103118,44.0045444896959,25.9342616294342,35.0528603899038
"stud_25","M",175.151661225239,27.5201130674724,44.0927303689409,25.9766194414529,34.777639120512
"stud_25","M",175.393537718787,28.2323350892653,43.8587960669597,25.9893242717644,35.2373934204716
"stud_26","M",182.819177659931,24.5663257827356,43.9368831812503,24.1153855688665,30.2794750523671
"stud_26","M",182.711658992159,25.0875172064048,44.0140670606917,23.8815603969177,30.2292537687475
"stud_26","M",183.148003477976,25.3901599291949,43.9900152610035,24.2911195979823,30.1118780816228
"stud_26","M",182.624839565628,24.6782035864326,43.9795582283713,23.8907818254192,30.14637548928
"stud_26","M",183.378388841604,25.1778263776396,44.0898643030291,24.0173755317493,29.7912431740372
"stud_27","F",158.923172782848,23.5004331465095,38.938374748685,23.4811858085796,33.1083318104472
"stud_27","F",159.485572426342,23.3669175594145,38.8762841351119,23.5123533984273,33.323184389587
"stud_27","F",158.448803718821,23.4955535695466,38.8507055290638,23.5380160949355,33.323374221975
"stud_27","F",159.093970076604,23.2086603719243,39.0153543832345,23.5878914906225,32.822382413485
"stud_27","F",159.301104303882,23.5523110600649,39.0489159578965,23.4784493967987,33.2310498767478
"stud_28","F",158.181783002677,23.966280926498,41.8293896940948,22.8390087124566,31.9422517805242
"stud_28","F",157.999034041562,23.7682250554668,41.7854321016078,23.0250039504269,31.8090936753034
"stud_28","F",157.93561767932,24.015824454677,42.0081826291299,22.9139041367995,32.0898998058913
"stud_28","F",157.457801529975,24.0665011637785,42.0029413949138,22.985996377201,31.6978351971393
"stud_28","F",157.966799977568,24.4339533637853,41.9463193777653,23.1025496393923,32.0399207033253
"stud_29","M",192.380557389452,27.9948947957934,50.9274696843378,28.4008152154089,39.9418012969842
"stud_29","M",192.356123181862,28.2447910370316,50.9813582526147,28.5206143617723,39.6085003803594
"stud_29","M",192.82766899244,28.0680007063536,50.9253066297601,28.5040472830942,39.1656568184989
"stud_29","M",193.209510946518,28.0908740826951,51.1563502867509,28.4899736262108,39.2708625414158
"stud_29","M",193.199088657389,27.8245473664159,51.0071790642213,28.4626894108982,39.6564303530745
"stud_3","M",189.230175913092,29.0217683312787,52.0354480900697,28.9030896865769,39.294935152142
"stud_3","M",188.88727168121,29.0286548551267,51.8618568180942,28.9053578835328,39.3788658634718
"stud_3","M",189.182788048327,28.9369455635258,52.0114938910861,28.8476411453994,38.9635703254835
"stud_3","M",189.555442858304,29.1824666783613,52.0191712932953,29.0348160893623,39.3284730454552
"stud_3","M",189.123520454152,29.0764018043208,52.0046554746577,28.9566131592012,38.6664905427331
"stud_30","F",165.151940634754,23.243695255696,42.5041720002433,23.6155496506791,34.5184551362911
"stud_30","F",164.363799328425,23.813888762969,42.3915510114137,23.8116618888964,34.4642262398267
"stud_30","F",164.832419295718,23.0928103225939,42.6486732204934,23.5804130307864,34.3219352806705
"stud_30","F",164.132845351607,23.3619955861468,42.7802985194903,23.4871291548555,34.7571864037145
"stud_30","F",164.340451049866,23.4397926309237,42.5468834683784,23.5330667886642,34.4788916592047
"stud_31","F",165.936826596671,25.2833900857008,43.1099048371608,25.0988325473534,32.6633806003432
"stud_31","F",165.521733288962,25.3669088916157,42.8717485680647,25.1190315818399,33.1586863301004
"stud_31","F",165.667824740568,24.8579841675075,42.9287004910743,24.9634914374102,32.8751367034171
"stud_31","F",165.554579199691,25.1279811785751,43.0310754868711,25.1311949613722,32.7556988302817
"stud_31","F",165.96250952443,24.6428462713906,42.9703608128479,25.164232661794,32.7889412453666
"stud_32","F",165.639289307563,27.5511363839377,43.4825054267477,23.0158547106859,36.6089354234845
"stud_32","F",165.766017906493,27.4046112157238,43.368978065225,22.8832977647743,37.0805087929249
"stud_32","F",165.373877519872,27.3764427261997,43.459616638332,22.976648531192,36.9534815337699
"stud_32","F",164.624942316511,27.0448426003724,43.2439188177753,23.021083979416,36.8898856862161
"stud_32","F",165.561055784347,27.252905380572,43.6633837207135,23.1293215342789,37.1381093586846
"stud_33","F",168.854376371579,25.5975694608937,43.5454138336478,24.9086571438979,32.4106806795032
"stud_33","F",169.186397132377,25.5576781172539,43.5030542598031,24.9083066794454,31.8309054289921
"stud_33","F",168.860240864617,25.4460470370355,43.5287536348294,24.9618430288497,32.1849708787288
"stud_33","F",169.590758762895,25.6947943003045,43.4664546520444,24.9953023553782,31.959094742106
"stud_33","F",168.786908187876,25.7327400274654,43.6350417355188,24.9974594738383,32.3213431277845
"stud_34","M",195.655464599463,29.5846830587328,48.9065336618037,28.0340114445813,43.109693590714
"stud_34","M",195.418683424762,29.9918925888487,48.9536960438145,28.0780028308208,42.8559104098286
"stud_34","M",196.308179955672,30.4181306525918,48.8308578966337,28.1626595350187,43.2085221190684
"stud_34","M",196.604648558007,30.1684878000538,49.0370167908207,27.9372459750312,42.970977655889
"stud_34","M",195.81599220983,30.1138302913879,49.052791140829,28.1381544128397,43.1754763832485
"stud_35","F",167.324453848104,26.9788082115137,43.4565553501204,24.0345203970067,32.7668279996863
"stud_35","F",167.341956267593,27.2888292617678,43.5679482001166,24.0712629098623,32.6887199943589
"stud_35","F",167.698005858872,26.6426063428329,43.325812730214,24.1299816864225,32.4637588549139
"stud_35","F",167.627301865389,26.834112953449,43.530149785004,23.9714503821411,32.7270690136156
"stud_35","F",167.666701982476,26.8663477774852,43.5064346014676,23.8593938209209,32.3093322118264
"stud_36","F",174.611045446243,27.9774617526049,45.0234053114951,24.3652311831067,35.4742273486394
"stud_36","F",175.010857641024,27.933901126852,45.0331727209256,24.5658317370505,35.5279731179943
"stud_36","F",174.417765939661,28.130073867582,44.9857580200301,24.6638585057255,35.2360240094871
"stud_36","F",174.889498226959,27.8598836586674,45.101869660646,24.6076920578676,35.605420045349
"stud_36","F",174.727915668198,27.8477736394345,45.1019699061202,24.5654032296531,35.760007991416
"stud_37","F",160.672972394998,24.7746392892237,40.9672842643011,24.0460063228239,29.9637410393783
"stud_37","F",160.955442344155,24.9342201705827,40.9220465459447,24.0820018999503,30.5601836225488
"stud_37","F",161.187576938629,24.9431189878527,40.9455302407314,23.9582221710284,30.0388461249197
"stud_37","F",160.704680405426,25.1386516462694,41.0414750314339,23.9263933544933,29.6923775032225
"stud_37","F",160.993004365288,24.7359001421427,40.9541529327721,23.9671388772373,30.1417199088707
"stud_38","M",173.141401798747,26.7148060742758,43.9243727659283,25.8425524351121,39.6593554817156
"stud_38","M",173.57416208806,26.5376280125632,44.1734056862865,25.7554705175058,40.1634738677598
"stud_38","M",173.419827103205,26.8087471142227,43.7687428133665,25.9279980438255,39.8719582892617
"stud_38","M",173.540733857421,27.0766132422563,43.8145523496004,25.9427122815039,40.0072445218799
"stud_38","M",173.422151680609,27.0957369948224,44.0576136447492,25.949519860733,40.0243387645754
"stud_39","M",179.510817567244,27.0192343904179,46.4881090607718,25.5026757288183,34.9581063387659
"stud_39","M",179.664874793517,26.9266460119463,46.3882464847352,25.4917438588092,35.0798888405417
"stud_39","M",179.483405747177,27.3371921473781,46.6775441369238,25.6099897789419,34.7350212237924
"stud_39","M",180.006078705369,27.1408046237927,46.4573938406764,25.4920664052797,34.9427024150731
"stud_39","M",180.078943825792,26.8985364174642,46.5624410042183,25.6120676838606,35.2658244989792
"stud_4","M",180.919649994082,30.1230697247433,48.9182073609255,28.1124463134945,35.9032450642188
"stud_4","M",180.036146482737,29.8268763712276,48.9493320618542,28.0429105783229,35.6661635663253
"stud_4","M",179.93884256398,30.1478541333272,49.1851055805516,28.0385926589259,35.8689304947521
"stud_4","M",179.653804662532,30.1960249308248,49.0269831756756,27.9171488975469,35.8157588770849
"stud_4","M",179.672117908931,30.1655497141091,48.8705539668042,28.0428045375739,36.3459863289297
"stud_40","F",167.917258896111,27.0444962621929,42.8842806497993,23.5195546137827,29.8166257356983
"stud_40","F",167.391700967353,26.8298678436765,42.9630442534345,23.4861368229429,29.8177182222229
"stud_40","F",167.866863850037,26.9949282723872,43.2623186893447,23.5817924018817,30.1157648892026
"stud_40","F",168.210047656352,27.0200047481536,42.9529425483811,23.4255457884847,29.9980096576843
"stud_40","F",167.672204849637,26.8060332859651,43.0975608228954,23.664634493719,30.1173903447315
"stud_41","F",167.441531621141,22.9280800590096,38.886412584119,22.543246799758,32.782194513
"stud_41","F",167.532499431073,23.0527134634581,38.8891057977982,22.5729994130016,32.9898720991218
"stud_41","F",167.514155707394,22.8959156438057,39.1596876187547,22.5781406485511,32.775440439834
"stud_41","F",167.860817109396,22.9012303096431,39.1545460872304,22.446613748769,32.7850624966193
"stud_41","F",167.551668884286,23.2697347595732,38.8461703192288,22.6574152762938,33.2876344304473
"stud_42","F",156.772765872356,23.0932722230212,39.9442741747491,23.9469932602874,31.8060102313184
"stud_42","F",157.246217933263,23.0495972904353,39.8568064351672,24.1466199450364,31.2097940038835
"stud_42","F",157.097371734155,22.8983358188647,40.0030510031043,24.0439852678259,31.192602474307
"stud_42","F",156.822329049624,23.179912678754,40.0810796645918,23.9522018733667,31.4787697356209
"stud_42","F",157.672545095889,23.0584904556248,39.963654026529,24.115378468362,31.6055321024152
"stud_43","F",174.453834889602,26.9006083002218,45.9918132697859,23.0094815677512,31.0053170026518
"stud_43","F",175.639888826784,26.9750489266858,45.8875664249989,22.9697966701957,31.1769676096953
"stud_43","F",175.080848772789,27.0715962688788,45.9596876494849,22.9710167072222,31.0440675818528
"stud_43","F",174.717688087269,27.2633243923813,46.060320813771,23.1513078482479,31.0155489049727
"stud_43","F",175.25527550216,27.2555958072722,45.9211423210496,22.9440245188825,30.9457183433292
"stud_44","F",175.082079104268,24.7873952749997,45.4024369312601,23.3119015886001,31.8820009211066
"stud_44","F",174.64948919697,24.5851107279941,45.7116495301854,23.3997881522572,31.8661177471608
"stud_44","F",174.83932096964,25.2092842945439,45.4042237623113,23.5572039535458,32.10697751757
"stud_44","F",174.698736206275,24.7207496844601,45.5754424053113,23.5313515617756,32.0292327026652
"stud_44","F",175.141856019648,25.1580635098509,45.4765382454647,23.4729128212423,31.9526023127135
"stud_45","F",161.906596824728,24.1013385487728,40.1407688344148,23.9701809960141,34.8210665065328
"stud_45","F",162.108331808117,24.0489481804288,39.9478919446035,24.0969802911793,34.9850877707964
"stud_45","F",161.367498305768,24.0663704094544,40.0127320589126,24.0536118247633,34.7405485461711
"stud_45","F",161.838964676054,23.862547790611,40.1713008296521,23.9213583206876,34.9371134086216
"stud_45","F",161.736008499465,23.6766931973717,40.008575333513,24.1155484254109,35.1701921233865
"stud_46","F",173.340133691424,26.0269204197881,44.6599467706652,25.053113569586,32.9155223064429
"stud_46","F",173.679274032301,25.9819054101111,44.4780530996235,24.9167247610168,33.0445659267749
"stud_46","F",174.196390626551,26.1750847106772,44.6874539297327,24.8565413245673,33.0145597312904
"stud_46","F",172.856967301127,26.1553478387535,44.4952641740459,24.6913994748402,32.763666376595
"stud_46","F",173.963239886539,26.2017576835019,44.4448516655344,25.0407234410873,32.4714027622484
"stud_47","F",170.796533514697,25.500096388607,42.4118944624168,23.9570068869567,38.9217449750783
"stud_47","F",169.823309115757,25.0902680292491,42.4435070949992,23.9867816351228,39.0856515792868
"stud_47","F",169.895054534429,25.1088664299903,42.4167264814344,24.0105743668213,38.9773443189567
"stud_47","F",169.021458089826,24.5435152486655,42.4409856850102,24.1276141260696,39.0308150825048
"stud_47","F",170.331445476073,24.7839872521737,42.5328152698309,23.859367111133,39.613938154792
"stud_48","F",172.40909886578,27.3246389540725,42.9934684084964,24.107079686344,32.4441771327332
"stud_48","F",174.019577650979,27.3883055141563,43.0012230091262,23.8814008965464,32.0926467418482
"stud_48","F",173.692729490029,26.9452535608012,43.0273930438325,23.8620494459134,32.1737167652158
"stud_48","F",173.146686936694,27.4986633555677,43.0130031256506,23.918793406246,32.3890087187183
"stud_48","F",173.128245354629,26.9541074998353,42.9420885330173,23.880157302614,31.9536773618286
"stud_49","F",178.511145776629,28.4122355423507,46.4869934825853,25.0948792572322,34.6243064186838
"stud_49","F",178.3594100557,28.812251808304,46.5262488582004,25.3287580781318,35.0821393962326
"stud_49","F",178.99069406694,28.8584868855755,46.460078467838,25.122905224113,34.8965698609882
"stud_49","F",178.320187067395,28.3660969058495,46.4771771414993,24.9080773642019,34.6795858770077
"stud_49","F",179.394513231967,28.5265470085809,46.3690589818348,24.9951187864343,35.1798640310497
"stud_5","F",168.071372670244,25.9786257522764,42.4647197137954,24.1101691845935,31.7916747680486
"stud_5","F",167.338276664965,25.5677646269243,42.5394556088223,23.9402967312257,31.842560023061
"stud_5","F",167.985840804358,25.6766446540791,42.4868922059143,24.108790257938,32.2442729741463
"stud_5","F",167.643510742617,25.7411603577805,42.5008418573418,24.0334209145969,31.959038215552
"stud_5","F",167.277810501622,25.5044354028052,42.5500980909532,23.9702455646976,31.9649597859348
"stud_50","M",183.895880150849,29.5997090909004,48.789595678738,27.5007413768404,38.9049842313262
"stud_50","M",183.798145876417,29.9789779514018,48.7874193372841,27.5595841747702,38.9130179874678
"stud_50","M",183.885331029679,30.1207738642088,48.8184126693549,27.5771059915089,38.8039431842994
"stud_50","M",183.858447744724,29.8066519001799,48.8214997911911,27.5586803760169,39.2362556792427
"stud_50","M",184.395896791958,29.6999994501266,48.7972418551497,27.70573541204,39.3952191991686
"stud_51","F",169.381428168101,26.8755657390794,44.14486883631,23.9821629014022,32.9897790461118
"stud_51","F",169.833655639277,27.1383800860171,43.9834058286159,23.9782357464701,33.1019444380106
"stud_51","F",168.911055960609,27.3051698536857,43.8264452975546,23.9439997201412,33.0181951069467
"stud_51","F",168.991686604434,27.2371449405525,43.9319238576942,24.0048514010993,33.0576914912251
"stud_51","F",168.773571217197,26.9538109749972,44.2152224971382,23.893188543391,33.1627396874058
"stud_52","F",171.078733196451,26.7328775284928,44.5013483831745,24.0158296924412,31.4136151511612
"stud_52","F",171.431927219172,26.3944991824011,44.4316672397303,23.8508795732855,31.1243618487925
"stud_52","F",171.093668463697,26.3290496993141,44.572529452994,24.1368378849079,31.0095054720013
"stud_52","F",171.252027046712,26.291123135875,44.5174493334694,24.0478031884308,31.0720738810592
"stud_52","F",170.318866702039,26.5719363533089,44.5829600903954,24.1241217415046,30.9474640200336
"stud_53","M",171.934736616573,27.3548575026752,45.8817141082155,24.1322730050858,37.2181699534252
"stud_53","M",171.688789853827,26.8255798116937,45.9285219183494,24.042368763519,37.1343437930011
"stud_53","M",171.513089054662,26.8400207933494,46.162131340959,23.9853088129979,36.8489047028089
"stud_53","M",172.355116139649,26.9965099802174,46.1484225854492,24.0166265453567,37.4060704482307
"stud_53","M",171.435009541413,26.4850021845786,46.119353005491,24.0093304345427,36.7398887714207
"stud_54","F",164.387829943109,22.2148312230482,38.5835513641948,20.9704258946514,28.1459392251965
"stud_54","F",165.069294658529,22.4249234633158,38.5546128262122,20.99691398893,27.93200202048
"stud_54","F",164.720391482491,22.7669497648808,38.687448685844,21.0421055070911,27.7346280212698
"stud_54","F",164.179453871401,22.7547390797774,38.4411395356251,21.1027558500345,28.0276218980512
"stud_54","F",164.761852215679,22.6730874900967,38.4032766361075,21.1623966618106,27.4062883717868
"stud_55","F",174.781044129378,26.5817793764163,46.2073910400305,25.503765711789,30.5435237663628
"stud_55","F",174.069630640145,26.469312013422,46.0646645610271,25.4314878306291,30.5077570247861
"stud_55","F",174.59114607814,26.5226740582958,46.1314679906148,25.2810870791824,30.4613401310945
"stud_55","F",173.673263217022,26.5703865330699,46.1083431815283,25.5494650670976,30.7035812350132
"stud_55","F",175.330104433001,26.5907969072323,46.1924763061797,25.5836436501032,30.4962098880686
"stud_56","F",178.254327290871,31.0310085392784,46.5897598950384,26.0211106959728,34.9058546403183
"stud_56","F",178.125034492558,30.4173857867424,46.5512170574147,26.0933400072284,34.8304585335135
"stud_56","F",177.753041802482,30.2319872370146,46.4313887282411,26.0208470795893,35.282002417608
"stud_56","F",178.489379795457,30.6039262047961,46.5089540038987,26.048085271048,35.2469668764465
"stud_56","F",178.577688286025,30.574748051271,46.5153273280058,26.0655100710015,34.9928205004388
"stud_57","F",167.203966560206,24.9672779241442,42.0858718564055,21.3696714832628,30.9598558697406
"stud_57","F",167.937412735462,24.6506340566993,42.0747603183393,21.4600256790175,31.2287512879201
"stud_57","F",167.554063951812,24.7365697415646,42.22086977256,21.5934242187048,30.8711602249673
"stud_57","F",167.669027843149,24.7692509598824,41.9653906338011,21.4174110296368,31.293212293394
"stud_57","F",167.076003608051,25.2885272321359,42.0228718339493,21.3524291695339,31.1011879290878
"stud_58","M",179.93632475908,28.751822019803,46.9793302577243,26.0206577669824,33.952684752752
"stud_58","M",180.548438164894,29.2826453560439,46.9849272557001,26.0650007632545,33.9251112624215
"stud_58","M",180.222966785281,29.2270035498703,46.9206791817911,26.1537965586311,33.9841503522921
"stud_58","M",180.157465248427,29.191965717043,47.0494446591024,26.0586623539442,33.9136846537045
"stud_58","M",180.471397921373,28.8035428547981,47.0127837864877,25.9150658367531,33.8427945653318
"stud_59","F",175.878636517635,28.0098289475644,45.4719960430698,24.0242157286743,35.3974203980575
"stud_59","F",176.153148829758,28.1648256086984,45.4085763167918,24.0638913787036,34.9546880532998
"stud_59","F",174.966342856948,28.0780707654377,45.5723325135542,24.1320261738246,34.7681115033373
"stud_59","F",176.04085718245,27.8981030336588,45.6027229174043,23.9476502773029,34.7420879039025
"stud_59","F",175.864215848369,28.0882026989985,45.3134024156406,23.9440132077766,34.5885416708152
"stud_6","M",167.812850613271,26.9471422982851,45.1201324169504,22.9891675956404,34.4486667468461
"stud_6","M",168.086219290283,26.8529558228206,44.9755099601877,23.0757295290628,35.3042955985917
"stud_6","M",167.816939191754,27.1074705495977,45.0436781570346,23.0412139260517,34.7210064040242
"stud_6","M",168.035868888976,27.2758743947724,44.9943385337696,23.1756752680977,34.822122249932
"stud_6","M",167.021563041338,26.6370009475788,44.970829769305,22.9494768579606,34.8811272702638
"stud_60","F",164.74398030438,26.1469723596639,44.5455455837514,22.0031934264868,29.8228231359821
"stud_60","F",166.031883764878,26.3051103321362,44.5292719392226,22.0569951044637,29.9928437450623
"stud_60","F",165.927796995914,26.409854660407,44.463686189825,21.833875006395,29.8801969972768
"stud_60","F",164.921202654358,26.4820190533597,44.6263259147308,22.0007504794679,30.0143341216197
"stud_60","F",165.153966282842,26.7824310372403,44.4127363458524,22.0274709134835,30.0264246456625
"stud_7","F",172.427055310684,25.4060093653652,45.4611244701704,25.3377172156971,31.9993262963827
"stud_7","F",171.902262625522,25.6080892964801,45.523375233563,25.0072307869532,32.0665131015846
"stud_7","F",171.927198991893,25.399597949568,45.4960340754138,25.0428644136421,31.9788278843028
"stud_7","F",172.184850414727,25.3517232378695,45.333615497937,25.0406237548954,32.326410255814
"stud_7","F",171.635612492288,25.3327317393401,45.3436815248206,24.9049244416778,32.1353611824531
"stud_8","M",185.007390959069,31.0595828249781,49.018654457043,27.0481293514039,39.9175299595977
"stud_8","M",184.379483679902,31.1273464205389,48.998026376313,27.1604459107766,39.8232642225948
"stud_8","M",184.577069464898,30.6250818457187,49.1303289970309,27.1899245969188,40.2774862851903
"stud_8","M",185.193019801263,30.7026483316312,48.983671107041,26.9414864476946,40.0394101049239
"stud_8","M",185.134913789093,30.7612037559762,48.9918020333956,27.0229595240399,40.3399480476603
"stud_9","F",154.37656635727,21.9753848536951,38.5156758577933,21.5080178643719,34.14700333756
"stud_9","F",154.354984598933,22.1032265251898,38.4556881627789,21.4897242226887,34.0167330099222
"stud_9","F",153.940030072305,21.6735037010695,38.4692609447728,21.563855288423,34.2400872630482
"stud_9","F",154.253898337461,21.9375685734261,38.3835942140357,21.5581654942888,34.0521516412544
"stud_9","F",154.426928957722,22.0727835417182,38.306235892629,21.5664779336237,34.1244781649008
